"Pollutant","Aggregation level","State","County","Unit of measure","January","February","March","April","May","June","July","August","September","October","November","December"
"SO2","Southwest Region","","","emissions (pounds)","-2568.5959164449014","-2523.9934381563216","-3024.741820749594","-3341.3279086393304","-3578.6257209004834","-2224.0743951043114","-2092.7093652207404","-2145.2298293211497","-1935.951871716883","-2985.4397559259087","-3206.7848372920416","-3189.877784364857"
"NOX","Southwest Region","","","emissions (pounds)","-8071.625139055774","-7413.524158542976","-6487.539880687371","-6332.200906937942","-8664.784153306857","-8474.121521982364","-10084.272669399157","-10497.560048149899","-9193.452993188985","-9650.113071729429","-8626.176227228716","-7659.660486052744"
"CO2","Southwest Region","","","emissions (tons)","-6470.216498188674","-6549.322717730887","-6774.467073943466","-7018.764365241863","-7637.485656379722","-7147.670143990777","-7182.455055505969","-7184.999486672692","-7064.469744388945","-7787.972785710357","-7084.354038780555","-6545.150977740064"
"PM25","Southwest Region","","","emissions (pounds)","-649.1417016288033","-702.8092602163088","-498.8989108094829","-489.2702379701077","-606.5374792673974","-829.9409264933784","-932.4538877288578","-939.8043720965507","-891.0263244459638","-858.2699217714835","-659.1812781614717","-596.5821073169936"
"VOCS","Southwest Region","","","emissions (pounds)","-216.90733059006743","-231.27445348154288","-206.35213670801022","-218.3417641496053","-228.440502037236","-294.18971736409003","-322.3432085851673","-326.037434177415","-312.6947384402156","-285.0707227589155","-217.5808836875076","-215.13320412486792"
"NH3","Southwest Region","","","emissions (pounds)","-239.21650196483824","-239.89050340163521","-229.55879520633607","-227.48785018589115","-253.0772773793433","-309.2317850696272","-389.70940703881206","-391.4019301745575","-336.14612413130817","-286.3489361743268","-220.52773083662032","-215.9179329762992"
"SO2","Southwest Region","","","percent","-0.10033430927866784","-0.10588187140859863","-0.14703215317443222","-0.16487393732076291","-0.15930810387557892","-0.0821864063104398","-0.06590098950578377","-0.06595907484596958","-0.06578761314558898","-0.11234631171458352","-0.13933517516251084","-0.12975760911630643"
"NOX","Southwest Region","","","percent","-0.1260520568335795","-0.12259961340999576","-0.1282609390904382","-0.12747970595215372","-0.15501656354817175","-0.11791685047850319","-0.11165865858004251","-0.11194704042347782","-0.11368309693958263","-0.14200028349229757","-0.1531169321595585","-0.12592968791754922"
"CO2","Southwest Region","","","percent","-0.1154942421075441","-0.12444888473192328","-0.15295730930732263","-0.16088789943326237","-0.15910378008985984","-0.11651707100393645","-0.09463583520990991","-0.09179742596893799","-0.10321716711335649","-0.1316038372569921","-0.14276168143462006","-0.12252087379402753"
"PM25","Southwest Region","","","percent","-0.12856547931436998","-0.14660594711354413","-0.1271113288233955","-0.12687372734050395","-0.14117526849785278","-0.1431875938038954","-0.12330762756006153","-0.11942382780986918","-0.13381940471776416","-0.15854031284130443","-0.15062691071273707","-0.1251940524891674"
"VOCS","Southwest Region","","","percent","-0.12135343674832516","-0.13668761816849442","-0.1471472133028147","-0.15797742458423836","-0.1501565699328366","-0.14437109146041333","-0.12196383519352758","-0.11862073207044102","-0.13432728483872683","-0.14899239436317713","-0.13886597397015155","-0.12688708428110385"
"NH3","Southwest Region","","","percent","-0.13863900858532596","-0.1471156208768693","-0.17197601541021815","-0.17261247601141289","-0.17572024760023197","-0.1570359440264098","-0.14895050940828056","-0.14363372730626436","-0.14834186408367103","-0.1545464677019073","-0.14562113300305815","-0.1317661447807087"
"SO2","State","AZ","","emissions (pounds)","-1723.1069237657357","-1659.4151269714348","-2179.616978962207","-2387.619072604226","-2297.172609233996","-1667.271291422192","-1923.795625292696","-1913.0867763906717","-1563.9204376540147","-1979.292051886674","-2164.863798634382","-1967.405782605987"
"NOX","State","AZ","","emissions (pounds)","-5389.9104957534","-5616.808090555016","-4143.335615912452","-4131.965783579275","-4769.5876215118915","-6611.384653812274","-8527.781255472451","-8812.157469835132","-7434.784252848476","-7316.755922536366","-5313.862872542348","-4617.765960001387"
"CO2","State","AZ","","emissions (tons)","-4419.3880635113455","-4620.032742237672","-4553.402068551164","-4447.20195866283","-4905.614525374491","-5338.420083867386","-5954.690468458459","-5903.655979216099","-5591.954091751017","-5599.73551186081","-4703.5642739194445","-4110.643137095496"
"PM25","State","AZ","","emissions (pounds)","-534.908670213772","-586.6997955995612","-364.04686454008333","-327.2899342976161","-463.10367329453584","-702.6347569688805","-823.0438687228598","-828.8110638089711","-778.8087974154623","-728.6364636951475","-538.1441908522393","-464.9448437686078"
"VOCS","State","AZ","","emissions (pounds)","-133.4872996185586","-155.89625098352553","-104.79929585948412","-102.12613222432265","-114.64352550395415","-212.78577949356986","-258.1374826907122","-261.31354853330413","-241.9876210023649","-197.29134712302766","-126.1411875012127","-114.49867486838775"
"NH3","State","AZ","","emissions (pounds)","-177.6950402642542","-177.25303463684395","-153.0027541405143","-147.48060546904162","-182.26627636284684","-225.70232284264057","-305.3060085194593","-305.6176160860923","-251.64430382137652","-213.581241604581","-165.94378512671392","-152.68562791551813"
"SO2","State","AZ","","percent","-0.08876205852249612","-0.09169021788183393","-0.1367523696363674","-0.1523863583197981","-0.13199165221215584","-0.08083477810629773","-0.07855548815917274","-0.07611503788303048","-0.06949290934119584","-0.09819059649318704","-0.1238348016762734","-0.10532865087412671"
"NOX","State","AZ","","percent","-0.12796459922418282","-0.13981687192407669","-0.12599978420190758","-0.1278290482683751","-0.13186793946763498","-0.13773040751703097","-0.1352993595322964","-0.13370163828756454","-0.13413363349907823","-0.162163486096128","-0.14621188778374947","-0.11625587214973378"
"CO2","State","AZ","","percent","-0.11529173319052742","-0.12783801420174545","-0.1501002067358406","-0.14898439603379213","-0.14910298179867293","-0.12529099018973255","-0.11043223376475181","-0.105797023087856","-0.11629333605286929","-0.13757253516816587","-0.1393344356716862","-0.11266880937796775"
"PM25","State","AZ","","percent","-0.13468562558612854","-0.15492763761444386","-0.11891875947541465","-0.10899795731587607","-0.13745750978914756","-0.15148887920610052","-0.13357922996038665","-0.12885303615812327","-0.14464232408088704","-0.17006245790684918","-0.15771575115208586","-0.12457511011504982"
"VOCS","State","AZ","","percent","-0.12597569020597693","-0.15376832723617562","-0.12685145099974757","-0.12572681845940636","-0.12734346144345413","-0.1686819720944147","-0.15002404680658313","-0.14489966001261434","-0.16339927244650576","-0.17136396381130814","-0.13843259581898207","-0.11485823368179784"
"NH3","State","AZ","","percent","-0.15707147698037724","-0.16522901429439205","-0.17935167281066688","-0.1750323189946044","-0.19653921004863192","-0.17204059708599279","-0.17032179392205984","-0.16308212514065434","-0.16435049949154767","-0.17441942202624183","-0.1688814385470448","-0.14290855956690346"
"SO2","State","CA","","emissions (pounds)","-0.38975329035542927","-0.3651162479818595","-0.6958739368459703","-0.7805900344861811","-0.5499915208385175","-0.3318313712903773","-0.6137317589509053","-0.6886115496189973","-0.3713481242908756","-0.3800646863589918","-0.6454322056387127","-0.3288731698569336"
"NOX","State","CA","","emissions (pounds)","-5.4853540172002795","-7.772812878363311","-7.121005536113898","-5.631560264890595","-7.108938609389497","-9.357647994611398","-9.725527473256989","-7.198067318518952","-3.054743720514125","-5.655064675801896","-4.298925508931006","-9.485339526063854"
"CO2","State","CA","","emissions (tons)","-48.587692549004714","-44.003388719087525","-63.240718107439534","-73.11185489785385","-52.62486920122683","-31.59571147757015","-65.32385375801096","-75.40846971295105","-33.14806689334364","-40.36097556007371","-71.72060370937106","-40.61306570022134"
"PM25","State","CA","","emissions (pounds)","-5.24412920659006","-4.724220607428379","-6.778706709098287","-7.877324356903273","-5.67540903766735","-3.385299696055881","-7.0295809249982995","-8.123892893719585","-3.5654321858623916","-4.2983493539436495","-7.679676353984178","-4.403659926743785"
"VOCS","State","CA","","emissions (pounds)","-1.4122786933741054","-1.2722638676167435","-1.8255505684055038","-2.121415570017348","-1.5284252054650551","-0.9116836071494845","-1.8931126546690393","-2.1878181084146036","-0.9601944785106298","-1.157573921256244","-2.068187655083989","-1.1859347553049702"
"NH3","State","CA","","emissions (pounds)","-3.1170487078770748","-2.808021152794936","-4.029183522423864","-4.682188928017695","-3.373396365840108","-2.012182314288566","-4.178300205042888","-4.828746365642928","-2.119250947135697","-2.5548882897203384","-4.564709280235547","-2.6174836553109344"
"SO2","State","CA","","percent","-0.15696801880571773","-0.15460496865549622","-0.44509093716596565","-0.4987175965856309","-0.30499342658176865","-0.12740079866480966","-0.17363054545173018","-0.18387799450730566","-0.1206551702603708","-0.1456794229316208","-0.3204107041333482","-0.14503666501220702"
"NOX","State","CA","","percent","-0.14469458884388864","-0.21083198999171265","-0.28884134847204107","-0.2285319103875134","-0.24170603548484762","-0.23058713747477286","-0.18199442434242027","-0.12704632876605768","-0.06307508296116815","-0.14146781341482254","-0.14384386727065124","-0.2757522577424827"
"CO2","State","CA","","percent","-0.195743718448636","-0.18654155335061293","-0.42582008936093463","-0.4914032457169283","-0.30014000588850726","-0.12548447165756207","-0.1905343981944175","-0.2073092867934321","-0.11074080897429056","-0.1564914707682499","-0.36508386057511966","-0.1812135794557156"
"PM25","State","CA","","percent","-0.19662947442429116","-0.18638073232135424","-0.4246636244146001","-0.49258857292848074","-0.3005444410443012","-0.12489757591775989","-0.19043265381008118","-0.20745151570966774","-0.11066437543146765","-0.15509144556817134","-0.3637394594610537","-0.18286005754898393"
"VOCS","State","CA","","percent","-0.19662947442441867","-0.1863807323211469","-0.4246636244144681","-0.4925885729284246","-0.3005444410440196","-0.12489757591774794","-0.19043265381003255","-0.20745151570962456","-0.11066437543154814","-0.1550914455681159","-0.3637394594610943","-0.1828600575490852"
"NH3","State","CA","","percent","-0.1966294744244616","-0.18638073232131075","-0.42466362441460653","-0.49258857292843217","-0.30054444104408684","-0.12489757591759652","-0.19043265381010224","-0.2074515157097109","-0.11066437543158633","-0.15509144556810986","-0.36373945946099656","-0.18286005754916154"
"SO2","State","NM","","emissions (pounds)","-843.8929106993601","-862.8520207596011","-842.4448040327989","-950.9480210143956","-1280.135925522074","-555.2551543654408","-167.21673703368288","-230.44393810350448","-370.3741054130951","-1003.4886531645898","-1040.5657367784297","-1221.3840580497636"
"NOX","State","NM","","emissions (pounds)","-2366.693805682007","-1452.0054531588685","-1885.7299847339746","-1783.4772812952287","-3510.1958170032594","-1468.2275183447637","-1052.7759223701432","-1155.2582849604078","-1289.7927621332929","-1961.377889403142","-3026.3643001858145","-2676.7014796133153"
"CO2","State","NM","","emissions (tons)","-1847.4876814400777","-1698.6544187772088","-1939.6891192577314","-2316.462929899106","-2554.1928557641804","-1533.3760555807967","-854.0802419052925","-890.1828286114614","-1160.8328087993432","-1938.541642718017","-2214.269494684413","-2255.658971418161"
"PM25","State","NM","","emissions (pounds)","-98.08884439345275","-95.59337656803837","-113.53148953575874","-143.6373763494339","-134.0665761770506","-103.85672854728182","-74.09260543268465","-73.61277734370378","-85.93950262229191","-108.36743912575184","-109.93490022100741","-119.98331151239108"
"VOCS","State","NM","","emissions (pounds)","-58.20853418394836","-52.3427420028238","-66.00027344201226","-81.11424383929261","-82.42504016960447","-53.6949639354134","-38.05579645160469","-38.38578126823268","-43.61184477664938","-61.02076859519002","-68.18609922896576","-70.38035303926154"
"NH3","State","NM","","emissions (pounds)","-46.301952122965304","-45.65674657573982","-54.572199556329","-60.25415863838134","-55.6822536432519","-62.00107336425572","-54.73483382293489","-54.62682706288615","-59.3303388250788","-54.530352628011315","-41.39963897266716","-48.39985075175355"
"SO2","State","NM","","percent","-0.13670119624141017","-0.15068951479591303","-0.18224838330461715","-0.20732310936578602","-0.2534774692094835","-0.08643972773202685","-0.0230620432698063","-0.031251137842291325","-0.05360772839292431","-0.15678331218934477","-0.18849244517554203","-0.20733781468576049"
"NOX","State","NM","","percent","-0.12692516613182037","-0.08419428000334049","-0.12591255038212906","-0.12155804248397904","-0.20813934073977575","-0.0723538160759719","-0.04593410580522033","-0.04952679530645489","-0.05996808735953427","-0.10124018123181297","-0.1780447025219384","-0.14918182812474842"
"CO2","State","NM","","percent","-0.11923215993969952","-0.11770620127674028","-0.16004994719592813","-0.1935032214972389","-0.19364890746011226","-0.09377214073614523","-0.045022086940958286","-0.04599913636248214","-0.06562204364650806","-0.11994825665760636","-0.15932070037082133","-0.15218172286612772"
"PM25","State","NM","","percent","-0.10728458837752201","-0.11205751019024986","-0.15565929346907387","-0.19904614116843586","-0.17004303859783787","-0.10599666170603651","-0.06355224709407889","-0.061712694611403655","-0.08031046840421392","-0.11328327386882608","-0.13391029591325257","-0.1368540986828707"
"VOCS","State","NM","","percent","-0.12151109099310459","-0.11720661216261428","-0.1769993055744779","-0.2195993712448945","-0.2021417931852298","-0.10483014049958046","-0.06269284926528412","-0.061814474117187004","-0.07806138173784541","-0.12177126578637786","-0.15877682088942366","-0.15358374487899604"
"NH3","State","NM","","percent","-0.11114271553496861","-0.11645486500100974","-0.16479280532005042","-0.18404355806880318","-0.15677010628970328","-0.13376440784497892","-0.09397959159869296","-0.09096385849835943","-0.11416499146188201","-0.12352704387921329","-0.11166695169361014","-0.12145356232044216"
"SO2","State","TX","","emissions (pounds)","-1.2063287048756592","-1.361174197100354","-1.9841638091613731","-1.9802249880476666","-0.7671946129321441","-1.216117970720461","-1.0832711052457853","-1.0105032718761322","-1.2859805515611242","-2.278986184010364","-0.7098696750099407","-0.7590705387813159"
"NOX","State","TX","","emissions (pounds)","-309.5354836793849","-336.9378020131262","-451.35327456577215","-411.1262818177347","-377.89177622646093","-385.1517018417362","-493.9899641008233","-522.9462260057917","-465.82123441254953","-366.3241951628006","-281.6501289080479","-355.70770688157063"
"CO2","State","TX","","emissions (tons)","-154.7530607371882","-186.63216796854977","-218.13516802244703","-181.9876217636047","-125.05340603311197","-244.27829320172896","-308.360491289699","-315.7522092094878","-278.53477701876545","-209.33465559707838","-94.79966643857188","-138.23580350590055"
"PM25","State","TX","","emissions (pounds)","-10.90005781187756","-15.79186743804712","-14.541850024874293","-10.46560296417556","-3.6918207617000007","-20.064141284554353","-28.287832645339222","-29.256638041151746","-22.712592214786127","-16.96766959879642","-3.4225107312904584","-7.250292111344606"
"VOCS","State","TX","","emissions (pounds)","-23.799218093230593","-21.76319662982496","-33.72701683869309","-32.979972516419366","-29.843511155424494","-26.797290325088397","-24.256816787004936","-24.15028626686035","-26.135078182102006","-25.601033124316018","-21.18540930211384","-29.068241461896832"
"NH3","State","TX","","emissions (pounds)","-12.102460870291907","-14.172701036119179","-17.954657987897008","-15.070897150511883","-11.755351008348953","-19.516206543718","-25.49026449413941","-26.328740659628238","-23.052230540517485","-15.682453655437712","-8.61959745850254","-12.21497065485346"
"SO2","State","TX","","percent","-0.10074914803880206","-0.11964980036730868","-0.20928324643034202","-0.21057293726828144","-0.10189075520140467","-0.1285789499297393","-0.09463182378606005","-0.08551238405167172","-0.1224036905645665","-0.17803355713174146","-0.06728286989058678","-0.06563641887749888"
"NOX","State","TX","","percent","-0.09584759111002482","-0.11178988995548399","-0.16741834796978353","-0.1550475114574704","-0.1334184890313275","-0.109109452619449","-0.11456942811489054","-0.11670685196674092","-0.11991717491614748","-0.10694678439722974","-0.09496149403830999","-0.11374474565643694"
"CO2","State","TX","","percent","-0.07949649450592891","-0.10256380696108734","-0.12935086331530343","-0.10995574940190075","-0.0719866947232632","-0.11456139959419467","-0.11588331601610335","-0.1147134819877525","-0.11758152089990886","-0.10190924726041334","-0.05350996093945878","-0.07313527846832515"
"PM25","State","TX","","percent","-0.0797825785872877","-0.1228779894747008","-0.12295614574040574","-0.09020564623965395","-0.030774192329921086","-0.13281402467543552","-0.14302677195985122","-0.14252258638485257","-0.1322517083887598","-0.11723523043043965","-0.028038453631496603","-0.05484017953020086"
"VOCS","State","TX","","percent","-0.0985259116577304","-0.09683600482238089","-0.16947327991530392","-0.16814422616978594","-0.1433168903251444","-0.10436589719430678","-0.07944215868411918","-0.07700243243613358","-0.09349482398183864","-0.10101005822155368","-0.09607955094890795","-0.12429722671955501"
"NH3","State","TX","","percent","-0.07483997064850556","-0.09402554721625393","-0.12724961137062998","-0.10887481389137543","-0.0802735159963441","-0.10986067580136462","-0.1161336434520766","-0.11589382586219431","-0.11758971859422464","-0.09203905737998597","-0.05804559354845105","-0.07759921473476217"
"SO2","County","AZ","Apache County","emissions (pounds)","-551.4353766799904","-500.29490575543605","-1426.9225729051977","-1553.8685926739126","-1081.8488978769165","-529.1487306379713","-719.4484691694379","-703.3576604744885","-372.46775310253724","-576.5756491357461","-790.579808026785","-773.2770673488267"
"NOX","County","AZ","Apache County","emissions (pounds)","-1168.2200000463054","-1242.8685181888286","-902.6448341649957","-676.8629926398862","-1072.8678872117307","-1421.4466323126107","-2156.302253319416","-2146.229873871198","-1538.5724659829866","-1567.1454997730907","-1106.9713122469839","-913.4541832767427"
"CO2","County","AZ","Apache County","emissions (tons)","-946.2324526825687","-1024.4868069693912","-769.3076150224078","-572.2769076250261","-998.8006875799038","-1043.6810026696185","-1273.328410740709","-1236.494662062265","-1000.0462416105438","-1191.2446139110252","-1077.1393906001467","-937.8239310309291"
"PM25","County","AZ","Apache County","emissions (pounds)","-168.83540332940174","-184.3378435039631","-53.02344946087396","-4.76966965518659","-123.91612911420816","-190.4524308789987","-244.95790928977658","-243.86979449715","-201.00492679636227","-223.74576624114707","-165.24402251356514","-144.53213543894526"
"VOCS","County","AZ","Apache County","emissions (pounds)","-29.571508946592076","-32.19089784107564","-26.24704524903791","-19.768500420472265","-32.090689551045216","-32.309818855785124","-39.57493223542406","-38.4516280920725","-30.548723650244938","-37.001896365516586","-33.54777348623611","-29.702292952875723"
"NH3","County","AZ","Apache County","emissions (pounds)","-79.9952226846799","-77.83268243396014","-20.895471701373026","-6.731522999874869","-62.46418099441871","-81.50719639157614","-98.4081277052901","-96.30920564135158","-86.38226502526959","-94.17446606627345","-82.60263155045322","-71.1339077913508"
"SO2","County","AZ","Apache County","percent","-0.04623990688817126","-0.045731802861222214","-0.13523781236800506","-0.15002446059222543","-0.09945032745749838","-0.04537440537082039","-0.05523172332508136","-0.0531909587797312","-0.030519522831641745","-0.04754646105923526","-0.07077852124813726","-0.06600466164322497"
"NOX","County","AZ","Apache County","percent","-0.09511248178316511","-0.10790893065760485","-0.08633744346302176","-0.06645835934005873","-0.09826542933551621","-0.10846016455620759","-0.13105581242684886","-0.12546276356673372","-0.10522472492353858","-0.12130484172403762","-0.10028580375113373","-0.07725490608138894"
"CO2","County","AZ","Apache County","percent","-0.09861258347499552","-0.11418263017470344","-0.09723298101697271","-0.0742356635491049","-0.12023610666026376","-0.10275165220559931","-0.1018405999146092","-0.0958216041148745","-0.08881590968634967","-0.11857946355551578","-0.1255009530963524","-0.10195888771530476"
"PM25","County","AZ","Apache County","percent","-0.14120006586074926","-0.16243210350698617","-0.0567655289160215","-0.0052711652269750746","-0.12344788683602652","-0.14084141026061697","-0.13739544724460165","-0.13100833818922977","-0.12876228809368911","-0.17474576951417897","-0.160510449907103","-0.12859710902732635"
"VOCS","County","AZ","Apache County","percent","-0.09168734548438377","-0.10694605832998871","-0.09773698034972315","-0.07554338347374197","-0.11418751647056874","-0.09550470475195573","-0.09599758564258577","-0.09053549782234678","-0.0819436417674164","-0.11000831551023244","-0.11581733367037933","-0.09582033989200797"
"NH3","County","AZ","Apache County","percent","-0.226776673668674","-0.22900061517882334","-0.086118034710322","-0.02860244672832462","-0.22890888287802097","-0.19164564827045405","-0.1656726487485114","-0.1540773041645061","-0.16985626996963618","-0.24142797497957708","-0.28207508863453223","-0.2199137838653748"
"SO2","County","AZ","Cochise County","emissions (pounds)","-38.54020392501661","-41.10262258635521","-40.030622098815","-34.49420348680724","-29.703056312005174","-26.802450479588515","-24.146470446910826","-22.716181777388556","-21.746281461011677","-49.16422934837101","-34.67621161124043","-31.506943587173737"
"NOX","County","AZ","Cochise County","emissions (pounds)","-402.46676775740343","-446.38969085141434","-404.5082346461422","-305.6920614083356","-361.18706862744875","-380.00543447982636","-318.63472239952534","-287.3568960943958","-331.63707615007297","-508.86059913237114","-408.3359023912635","-391.04619972532964"
"CO2","County","AZ","Cochise County","emissions (tons)","-218.5492056029907","-238.4873798421322","-220.60661929599883","-182.11855606295285","-200.36315283995646","-228.69823087655823","-196.56723904865794","-184.94510588201229","-210.0145949446014","-277.6859594086709","-216.78554879176954","-211.4381827788311"
"PM25","County","AZ","Cochise County","emissions (pounds)","-76.37354756599234","-100.73812595831987","-53.253912749005394","-51.73561915303435","-63.9142310364914","-162.98390567799652","-177.77834716063808","-178.17880191018048","-182.8878940089926","-124.62358337345358","-62.85125832129779","-69.34396351186297"
"VOCS","County","AZ","Cochise County","emissions (pounds)","-43.66594503102897","-57.70236294947608","-30.57644126271407","-29.53092534875941","-36.620476576314104","-93.40784590198746","-101.25644798294525","-101.44131440161436","-104.68608159386349","-71.40148554541884","-35.939364579997346","-39.652834171574796"
"NH3","County","AZ","Cochise County","emissions (pounds)","-5.3874542846715485","-6.119318051245045","-4.819663684421812","-4.657064583920146","-5.0594494660003875","-7.4271056859702185","-8.464924107966908","-8.30273110134658","-7.782545374813708","-7.256194949161909","-5.010915667061909","-5.15492389003748"
"SO2","County","AZ","Cochise County","percent","-0.23704052865283834","-0.25608110226754244","-0.44046255841008525","-0.3744937692109752","-0.4237444512661957","-0.21226607679904766","-0.13547497935343233","-0.12253852838205075","-0.142038251699581","-0.2662716180271568","-0.2713127008130929","-0.21345421736999073"
"NOX","County","AZ","Cochise County","percent","-0.18788574426703922","-0.21416487887246632","-0.29164555396936936","-0.22146216328960625","-0.25672070767929955","-0.17589630715782759","-0.11164004110929518","-0.09702220905903038","-0.13098573819105122","-0.21447684716625245","-0.2318585849874475","-0.1976255964500589"
"CO2","County","AZ","Cochise County","percent","-0.16546094613543133","-0.18727892395911044","-0.23948318790539724","-0.19936111043577542","-0.20963516538799243","-0.16447194278664384","-0.10838320057220073","-0.09822052136780367","-0.13033606461747937","-0.19172819172513633","-0.1949284443905273","-0.17159623296364263"
"PM25","County","AZ","Cochise County","percent","-0.20374032353662067","-0.26744588904763367","-0.2260066954311402","-0.22020398839488442","-0.23476019502254325","-0.29950437893889903","-0.20629266180485958","-0.19384478582751216","-0.2623885303074667","-0.2818267833858131","-0.2144275960400225","-0.20621117275065898"
"VOCS","County","AZ","Cochise County","percent","-0.20278696832114082","-0.266730991037064","-0.2254676296518257","-0.21843391601026013","-0.23390224894225542","-0.29898856164270166","-0.20493999250398848","-0.1925418748325389","-0.261789870796576","-0.28116851609341953","-0.21329064517347507","-0.2052092323303802"
"NH3","County","AZ","Cochise County","percent","-0.16926252697597707","-0.19848085352550301","-0.21728354750402998","-0.21146235249662604","-0.2058550803846326","-0.19530796058929076","-0.16006113484756584","-0.14939896446807738","-0.17132356456677836","-0.20577520483927172","-0.18890082741224667","-0.17459722668340596"
"SO2","County","AZ","Coconino County","emissions (pounds)","-560.0162176978192","-696.2682769476087","-46.177065631898586","-87.50102832895936","-150.32042008568533","-693.7399330083281","-540.8273537826026","-530.9401470144512","-821.913679524092","-912.0729061134625","-549.7458114502952","-409.00350627454463"
"NOX","County","AZ","Coconino County","emissions (pounds)","-2161.6774362016004","-2397.396818703506","-834.2134796984028","-992.6380222085863","-1116.0847732352559","-2734.9914785341825","-1971.717673192732","-1970.1492043212056","-3063.572772212792","-3412.5938256252557","-1988.271836607717","-1487.1202672340441"
"CO2","County","AZ","Coconino County","emissions (tons)","-802.8730328906095","-1014.2889898696449","-117.87098183459602","-88.80313109664712","-3.2738255304284394","-1030.1027546979021","-756.140993486857","-775.9393769043963","-1286.0661457909737","-1422.5161149376072","-832.0430904771201","-413.4075867464999"
"PM25","County","AZ","Coconino County","emissions (pounds)","-100.40361526428023","-128.2539292772126","-15.956446405238239","-10.380914998051594","-0.7513298794510774","-128.7709689400217","-94.64927432441618","-97.07238395060995","-161.412980264402","-178.66988748349831","-103.91691491850361","-51.74908919695008"
"VOCS","County","AZ","Coconino County","emissions (pounds)","-22.291572170677682","-28.474890082674392","-3.5426419343348243","-2.3047640279110055","-0.16680738775539794","-28.5896839665038","-21.01399847886205","-21.551976645278046","-35.83685155164858","-39.66822250291807","-23.07159286478418","-11.48931235215423"
"NH3","County","AZ","Coconino County","emissions (pounds)","-0.7767884371927494","-0.9922567929936577","-0.12344956935794471","-0.08031358947368972","-0.005812782350517409","-0.9962569520564557","-0.7322690690987201","-0.7510158396701172","-1.2487970313882215","-1.3823078213465578","-0.8039696352057035","-0.4003650069497553"
"SO2","County","AZ","Coconino County","percent","-0.12080183003748976","-0.15537100972047083","-0.012497658207287496","-0.024285006578504086","-0.03471799576454252","-0.12245264247274493","-0.07488318947349162","-0.07048883050533711","-0.1252210814056882","-0.18193910662028814","-0.1424068991628378","-0.09525762290278604"
"NOX","County","AZ","Coconino County","percent","-0.12822728461156427","-0.14682615742110725","-0.06302164702948945","-0.07651834524617844","-0.07331359118154995","-0.13313907832168198","-0.07458839048205665","-0.07143177209633379","-0.1278975171292099","-0.18747755894457557","-0.14156322930446769","-0.09512526657902616"
"CO2","County","AZ","Coconino County","percent","-0.08650652131067735","-0.11449474773695208","-0.014802793401414032","-0.011473265348344077","-0.0003736934678709696","-0.0962514566787364","-0.05739607451451602","-0.0568233486656367","-0.10627917039346572","-0.14413250415755444","-0.10400787905523062","-0.04727584788620878"
"PM25","County","AZ","Coconino County","percent","-0.0861232621871046","-0.11527723579036572","-0.01595558568786169","-0.010679058016958337","-0.0006833140091712775","-0.09583042348880681","-0.05723050617093178","-0.056626500941438326","-0.10623572658635089","-0.14413133592282137","-0.10339015324588204","-0.04710403515512489"
"VOCS","County","AZ","Coconino County","percent","-0.08612325590342444","-0.11527723492180955","-0.015955574555676578","-0.010679044447516921","-0.0006833033692948897","-0.09583042562903629","-0.05723050947756852","-0.0566265047389264","-0.10623572892249364","-0.1441313348119454","-0.10339014232246654","-0.0471040292545052"
"NH3","County","AZ","Coconino County","percent","-0.08612326218713003","-0.11527723579043221","-0.015955585687970963","-0.01067905801701763","-0.0006833140090091228","-0.0958304234887637","-0.05723050617081602","-0.05662650094149249","-0.10623572658677938","-0.14413133592242183","-0.10339015324581091","-0.04710403515469025"
"SO2","County","AZ","Maricopa County","emissions (pounds)","-12.234212441459022","-13.645816735877816","-16.443591896762882","-17.45491713604497","-15.946369374209098","-15.807917929771065","-17.777400470495195","-17.310687394954584","-15.83231396701558","-15.512411288407748","-10.84443082163125","-10.67788663205829"
"NOX","County","AZ","Maricopa County","emissions (pounds)","-412.543911174027","-424.21048620456713","-324.98222175982664","-385.2298304612632","-299.95188190299086","-816.1040670683724","-2263.691130741383","-2490.989204260055","-1204.9706733108032","-553.9267626755754","-268.55367979229777","-351.2888623018225"
"CO2","County","AZ","Maricopa County","emissions (tons)","-1472.2758684607688","-1549.2826194628142","-2035.141738505219","-2124.1294885178795","-2095.167856405722","-1883.6837667583022","-1978.2839447529987","-1897.9131688082125","-1819.8735495533329","-1767.609652752988","-1398.612779963296","-1381.30458653206"
"PM25","County","AZ","Maricopa County","emissions (pounds)","-97.32878880597855","-98.0070589541283","-113.77347330925113","-122.05521747619059","-125.13493758883124","-109.2715330314386","-135.7002883383975","-133.13932464362006","-108.48775721041602","-111.45709339476889","-94.4480031131825","-88.89501226676657"
"VOCS","County","AZ","Maricopa County","emissions (pounds)","-24.36343952232528","-22.707357473705997","-23.499334652537982","-24.644604696548413","-27.543082306863653","-29.61469567957647","-53.35249948634009","-54.67746095101029","-35.48145469472729","-28.58624185116423","-23.23473398976057","-21.16318806632262"
"NH3","County","AZ","Maricopa County","emissions (pounds)","-63.46519914098462","-67.28382520012383","-79.93985830876045","-86.44860807638906","-73.53952792769269","-82.47964131284971","-105.55746173215448","-104.30402730411151","-88.10840464053035","-76.37020606677834","-52.85252928928821","-49.734574524190975"
"SO2","County","AZ","Maricopa County","percent","-0.10721581946700172","-0.12774498836104511","-0.179089191938608","-0.19240289033392843","-0.16804459686542592","-0.13028020644820226","-0.11687450313492938","-0.11015470538766729","-0.11669222815014306","-0.12838136022112667","-0.10614542087999343","-0.0974995447993322"
"NOX","County","AZ","Maricopa County","percent","-0.19030928053996493","-0.20284598547052027","-0.21045576892177517","-0.24875371758913684","-0.18871557415014728","-0.315485596014276","-0.46798628354676586","-0.46458765097976445","-0.3502254842656512","-0.2296099207216583","-0.14572726092810345","-0.17257937647395324"
"CO2","County","AZ","Maricopa County","percent","-0.12986138239473943","-0.14523910416381947","-0.2365736599709736","-0.24831614277697384","-0.2256335399599377","-0.15021285886786684","-0.12331283661215078","-0.11452837879416013","-0.12820828402416015","-0.14613401882123744","-0.13982364677410053","-0.12781749342570284"
"PM25","County","AZ","Maricopa County","percent","-0.1586449721580882","-0.16928034562724523","-0.2562093300896622","-0.275428774399808","-0.25770475878855054","-0.1613662820597796","-0.15192988077063824","-0.14348520520641211","-0.13920574526944599","-0.16964135854820173","-0.17752839697948297","-0.15331889698066076"
"VOCS","County","AZ","Maricopa County","percent","-0.2043427340728909","-0.20076757198971462","-0.29198138575175553","-0.30535768244013994","-0.30630812379396344","-0.212398959322647","-0.25561300683152294","-0.247126094692446","-0.20883193985637158","-0.2201393179402095","-0.23109071334027784","-0.19061907331088104"
"NH3","County","AZ","Maricopa County","percent","-0.13211082000077162","-0.14917370375602615","-0.21389788589830858","-0.23278184714707115","-0.18514709971866097","-0.15558197896883963","-0.1513660276225687","-0.14418795104816995","-0.14552268605716767","-0.14917237676867356","-0.12484519452641929","-0.10858012957311182"
"SO2","County","AZ","Mohave County","emissions (pounds)","-3.6967153114837856","-3.8316051658448487","-4.611586715084286","-4.650156378086422","-4.348541259597823","-3.8822450783395652","-3.7064711244852333","-3.438558745841874","-3.686011351808247","-4.273986090007838","-3.6058999564493206","-3.9117669950449"
"NOX","County","AZ","Mohave County","emissions (pounds)","-56.26648053077952","-54.44738278605655","-63.86834465886932","-54.50605373254075","-59.7549004577013","-65.97909346909","-76.94554520173551","-71.43017785934353","-62.592918345362705","-62.337044508785766","-61.99762635411389","-60.24730027336045"
"CO2","County","AZ","Mohave County","emissions (tons)","-256.4332813749206","-256.05010818195296","-446.6076926076785","-434.31559239976923","-419.1905155365239","-295.68977357208496","-299.89109036972513","-285.84808590606553","-299.8887358837237","-290.8036578661704","-288.8979941838479","-317.2488409176294"
"PM25","County","AZ","Mohave County","emissions (pounds)","-29.600173432349038","-28.51198610020947","-41.21967834131283","-41.19572507547673","-46.586207701895546","-28.2318096833078","-25.392872155945952","-24.06118924065231","-26.5770210647388","-30.848715727905073","-36.38882472844125","-38.93027743206585"
"VOCS","County","AZ","Mohave County","emissions (pounds)","-7.663659333435135","-7.358399081004791","-6.071397305739424","-7.182647716981364","-9.424936188104994","-6.278647685887336","-4.009395343333836","-3.501661311357566","-4.768353213713908","-8.052850730034152","-8.855450954572689","-9.497288390010908"
"NH3","County","AZ","Mohave County","emissions (pounds)","-17.247123033719618","-17.24206724049509","-28.980369683098615","-28.2383851745235","-27.22745473800751","-19.784650733907256","-20.35767195495646","-19.377327686539502","-19.91946645794269","-19.50310004264611","-19.285972347151983","-21.15647597561292"
"SO2","County","AZ","Mohave County","percent","-0.17490327780583162","-0.19009422802574047","-0.31430212485413267","-0.31597307286439","-0.26002383750976005","-0.15788727148967238","-0.1156259799075978","-0.10359824273276","-0.13012695324036258","-0.18481590937803716","-0.19681105262279067","-0.19594940138660408"
"NOX","County","AZ","Mohave County","percent","-0.15727457400955205","-0.15974152290238475","-0.24928136610773327","-0.21421069823371547","-0.22550026972986062","-0.16982469209123757","-0.1477383890884681","-0.13277694018592268","-0.13918398451518804","-0.15986497193643756","-0.1989683813498957","-0.17725182089161792"
"CO2","County","AZ","Mohave County","percent","-0.13968852546674987","-0.14873963035269824","-0.33572912186541615","-0.32652522011193974","-0.282926266973543","-0.1411603671381354","-0.11203954770062875","-0.10382451738109744","-0.12716551729058811","-0.14696596269259304","-0.17560292421937723","-0.18062904933989837"
"PM25","County","AZ","Mohave County","percent","-0.19191069763247254","-0.1955874013994699","-0.42100269332370377","-0.41820729774432075","-0.4087390836797555","-0.15847701518147378","-0.11020758559605988","-0.10136781532322361","-0.13082886666561142","-0.1832518679654655","-0.2697939832083902","-0.2681114195317758"
"VOCS","County","AZ","Mohave County","percent","-0.35667264208091864","-0.34794698224643533","-0.6864518184673165","-0.7777174950839544","-0.7582497624538179","-0.23586342503060775","-0.11043020867796043","-0.09283269594983844","-0.14904064741260029","-0.32437072139405865","-0.5194191069542792","-0.49520047579642046"
"NH3","County","AZ","Mohave County","percent","-0.14452444895115532","-0.15369569287560045","-0.33859705729567996","-0.32965374661991714","-0.28458275644210534","-0.1449523611368505","-0.11597825877918315","-0.10723796584569656","-0.12909796524081255","-0.1512835691819294","-0.18121917322704983","-0.18562205116000682"
"SO2","County","AZ","Navajo County","emissions (pounds)","-555.444987885392","-400.5892153913446","-640.9027142043051","-684.1848281871062","-1013.4276425763092","-388.2774696358247","-607.8380278201075","-625.1959942578687","-316.1467576792347","-415.3248963736114","-776.3747663028771","-738.6015793850238"
"NOX","County","AZ","Navajo County","emissions (pounds)","-1131.3377968259156","-848.6635756023461","-1247.2911194776534","-1288.7804432007251","-1726.5330129748327","-706.3290369596798","-1134.4996478741523","-1187.4724001995055","-600.7156812453177","-882.1719754904043","-1538.5692158497404","-1437.7469044547179"
"CO2","County","AZ","Navajo County","emissions (tons)","-635.7096490116091","-455.2369849261013","-735.000659756246","-776.785855203867","-1050.903744692594","-413.5079430543119","-634.9372060477035","-660.9571479550214","-347.51573233358795","-469.84581653313944","-893.461150880903","-838.2493244599318"
"PM25","County","AZ","Navajo County","emissions (pounds)","-52.51533080878653","-37.88205369251227","-61.34201692173701","-65.10437607809763","-88.41981370871872","-35.00037253099799","-53.29661239599227","-55.41620993043034","-29.554331219838787","-39.48798271137639","-75.57321385708929","-70.61381078575869"
"VOCS","County","AZ","Navajo County","emissions (pounds)","-0.6641458418896491","-0.473563731190211","-0.7712599270642215","-0.814334754612986","-1.106753648230523","-0.4345492613432498","-0.6670316998706198","-0.6961717456445626","-0.3666873587991972","-0.48962208603342106","-0.9454607794594949","-0.8788303095145125"
"NH3","County","AZ","Navajo County","emissions (pounds)","-0.8915076053852999","-0.6357155544991997","-1.0349068632790193","-1.0928591796878493","-1.485381579958812","-0.5829888610603007","-0.894152521291403","-0.9331356746934034","-0.4916342066820789","-0.6572565750174704","-1.2690096230271024","-1.1796241344417808"
"SO2","County","AZ","Navajo County","percent","-0.22182510964725394","-0.17100955402849524","-0.44242534096332575","-0.46718048326408207","-0.5152661322252602","-0.1309080374372485","-0.1599868133806847","-0.159500493069908","-0.09435066978051874","-0.15760136725163967","-0.3598003508890797","-0.3150697778861976"
"NOX","County","AZ","Navajo County","percent","-0.21333876405692137","-0.17096409706221163","-0.39112679826877395","-0.40201997794566136","-0.45166024864735765","-0.12595994199038593","-0.15725705003242016","-0.1595198568709004","-0.09476019203868676","-0.15828810902756338","-0.33676659428895156","-0.28934368647716674"
"CO2","County","AZ","Navajo County","percent","-0.21340411413062454","-0.16359297990408903","-0.41508045698841867","-0.4354808097215413","-0.48013657084638206","-0.12695641134935579","-0.15260712050811379","-0.15408296398058083","-0.09467936570510704","-0.15017207817434147","-0.3468066022178973","-0.29991538013426466"
"PM25","County","AZ","Navajo County","percent","-0.21327066969212827","-0.1646495092313491","-0.42380591545028434","-0.4460874587968224","-0.4925267683323853","-0.12987596792560863","-0.1542923839292241","-0.15553022885977158","-0.09713244478604208","-0.152444922702446","-0.3553529929432962","-0.30597962041305293"
"VOCS","County","AZ","Navajo County","percent","-0.21209652232035045","-0.16193860715997851","-0.41411885741781795","-0.4341197419875408","-0.4803473615771299","-0.1269268397801121","-0.15254925806106154","-0.1544324959663175","-0.0950667576666071","-0.14886592066108192","-0.34892898594502053","-0.2990816018387088"
"NH3","County","AZ","Navajo County","percent","-0.21229797326335467","-0.16209559887138741","-0.41458162343381255","-0.4346450784270434","-0.4808988437523755","-0.12698057713305286","-0.15249549224571876","-0.15436392788289122","-0.09504387316160953","-0.14900381595566262","-0.349262786744834","-0.2993679515836707"
"SO2","County","AZ","Pima County","emissions (pounds)","-2.549616757381955","-4.332638118187788","-4.439192615202501","-5.370860250045553","-2.4413515529627148","-8.467638733367494","-8.229494231998615","-8.365974189543522","-10.079504273828206","-6.672953255072571","-0.7078109932272127","-1.9542344418059656"
"NOX","County","AZ","Pima County","emissions (pounds)","-0.471294668444898","-164.3514736406214","-242.80758852389408","-289.3363597407879","-19.677903227508068","-409.4217782560154","-416.4960493326653","-445.0933969459147","-538.269774234388","-302.1676318455138","119.73386834192206","96.23064158883062"
"CO2","County","AZ","Pima County","emissions (tons)","-37.806543438200606","-71.6727093878726","-69.16842028978863","-85.61948687487893","-43.84158732146898","-146.55961103274603","-153.05207000787777","-158.03171648291755","-177.67152953679033","-110.79844992309518","-7.57435401553812","-28.657388338659075"
"PM25","County","AZ","Pima County","emissions (pounds)","-1.7752359048727158","-6.392487292284386","-6.406169312239399","-9.868319263060584","-1.75615416164419","-15.0243107607821","-16.497840231922964","-17.105071019994284","-19.234202861140147","-10.816284791277212","1.5924710853569195","-0.28985650332742807"
"VOCS","County","AZ","Pima County","emissions (pounds)","-0.24761287229557638","-4.456811786431899","-4.765307545920223","-6.805819541134952","0.13287698581552831","-10.788097514669062","-11.502399187542323","-12.03771413071263","-13.99094477631661","-7.646309863306669","3.117103226190011","1.4079381662559172"
"NH3","County","AZ","Pima County","emissions (pounds)","-1.9801645749948875","-3.6695961444211207","-3.6184004947399444","-4.408032043251751","-2.2112965486990106","-7.9995203987427885","-9.766243090683929","-10.194034664202263","-10.078517472557905","-5.813649025936684","-0.4556955889679557","-1.385235696161999"
"SO2","County","AZ","Pima County","percent","-0.05927570304288416","-0.1054323364537891","-0.11585371332465484","-0.1423203417620839","-0.06139206090859555","-0.16217573101167337","-0.11915315747411878","-0.1159684512674098","-0.16783829795597072","-0.14114424704536388","-0.018156682233602058","-0.047083656479817416"
"NOX","County","AZ","Pima County","percent","-0.00019554585928703713","-0.07165416324881375","-0.10369517496604587","-0.12568559060327594","-0.008175702711022824","-0.1383299533058043","-0.10842899829874304","-0.11095891468481751","-0.16002627660469199","-0.11470715998043507","0.05379036862549372","0.04086596010156438"
"CO2","County","AZ","Pima County","percent","-0.05144941171132622","-0.1021841908190195","-0.10443301725258732","-0.1313469545205608","-0.06292368023959521","-0.16103841511683625","-0.12690413818725232","-0.12518441459394059","-0.16976671191277867","-0.13746283778039178","-0.011338378070280465","-0.040345628325151574"
"PM25","County","AZ","Pima County","percent","-0.022815100646290453","-0.08606921118069491","-0.08780652857588825","-0.13735606406003364","-0.023020802464907706","-0.1546787572078435","-0.1277769063223226","-0.126388207436961","-0.1722929372847957","-0.12675472668034207","0.02233385779565968","-0.0038369236655803785"
"VOCS","County","AZ","Pima County","percent","-0.0038519218446192533","-0.07293337308713761","-0.07631919819225563","-0.11095483071730929","0.0020588019292504096","-0.13731255361957836","-0.11296629400921072","-0.11313322319631819","-0.15696900347509724","-0.10942010044022764","0.05242816467073569","0.02239935158101608"
"NH3","County","AZ","Pima County","percent","-0.05185799113328881","-0.10060718285099027","-0.10520495168254525","-0.13020226610223384","-0.06094733321935114","-0.16800636494573742","-0.1515561529636654","-0.1504355858910017","-0.18263575113355107","-0.13861135361173546","-0.013143985932628457","-0.037549221094601876"
"SO2","County","AZ","Pinal County","emissions (pounds)","0.8104069388340349","0.6499537319650699","-0.08963290489566589","-0.09448615687824713","0.863669782908687","-1.1449059174110516","-1.821938232745424","-1.7615725320420097","-2.0481363072495924","0.3049797199693103","1.6709405267122293","1.5272020422304422"
"NOX","County","AZ","Pinal County","emissions (pounds)","-15.224982315743546","0.6566179979708977","-29.44924966623148","-34.48587485952885","-22.71168163929542","-56.3705435375814","-148.752220907234","-159.89328361841035","-88.24427659071807","-11.388618201261124","-0.2491593997037853","4.804924113534071"
"CO2","County","AZ","Pinal County","emissions (tons)","-20.243973507895134","15.037027682017651","-99.73296910803765","-115.59824683738407","-36.65767123308615","-256.9478569775383","-571.7094928711886","-605.6853973368707","-401.8189703578246","-44.146176727241254","47.59938306303229","61.088425399851985"
"PM25","County","AZ","Pinal County","emissions (pounds)","-4.656836819700402","0.23627462923468556","-12.154282029505339","-14.291140183453535","-5.803544565833363","-29.663971163654423","-68.23490807818962","-72.68961317039066","-46.23926982444391","-6.528584099653017","3.049411557822168","4.6808752890829055"
"VOCS","County","AZ","Pinal County","emissions (pounds)","-2.840426499674777","-0.8462528537525031","-4.415764325452528","-5.256622634593441","-3.032051319707989","-9.577955194567949","-23.490786492124244","-25.236419494688562","-14.678144545763644","-2.956906802087815","-0.6531993396743019","-0.013677367158834386"
"NH3","County","AZ","Pinal County","emissions (pounds)","-6.199596065888727","-1.827890552443023","-9.695983660853926","-11.54021536898199","-6.627668703365089","-21.06990679718001","-51.622484224802974","-55.451352773903636","-32.29867448089135","-6.473668227235976","-1.3770577132190738","0.02566233783363714"
"SO2","County","AZ","Pinal County","percent","0.1251895038816495","0.1101383941060351","-0.011132309422658868","-0.011977486883743668","0.11364671824788297","-0.14272058946433053","-0.1719790400361431","-0.1592362800381047","-0.23063545198979216","0.04450381444523245","0.2517082299504164","0.22637426310759437"
"NOX","County","AZ","Pinal County","percent","-0.06631147245771521","0.0030741327826762106","-0.1357084174518921","-0.1597369648353895","-0.08652323874137778","-0.17809708963923604","-0.3088875887154319","-0.3134194839687544","-0.23638658372414173","-0.04701838274377845","-0.0011565955391252191","0.02097495169934225"
"CO2","County","AZ","Pinal County","percent","-0.02005390932484728","0.01598366373998697","-0.0990948472932882","-0.11574952244945574","-0.03522237442885024","-0.19745486903259465","-0.28826261933833075","-0.28778801669034243","-0.25950722104258706","-0.0408347719229999","0.04973010374421946","0.06036435131414837"
"PM25","County","AZ","Pinal County","percent","-0.04024923985205266","0.00218468798125285","-0.1081319660599195","-0.12790385582898423","-0.04964592366933364","-0.20010315244149524","-0.2982150877798094","-0.2988856376733122","-0.2603678271252807","-0.05267122941911124","0.028070123149797337","0.040527859965870196"
"VOCS","County","AZ","Pinal County","percent","-0.07769715254628788","-0.024611105735776306","-0.13181023251224955","-0.15722015188685992","-0.08604537910498845","-0.20743916533844473","-0.3205308647605587","-0.322805955094952","-0.26135970121905827","-0.07552053375412547","-0.019429802317476604","-0.000378171466863358"
"NH3","County","AZ","Pinal County","percent","-0.07706146721920283","-0.024159009809454894","-0.1313845508963593","-0.1566951735271176","-0.08539823636976993","-0.20731286443979915","-0.32015708087239964","-0.3224067155620759","-0.26134287782828075","-0.07513255885687435","-0.018606817246034094","0.0003223800995294889"
"SO2","County","AZ","Yuma County","emissions (pounds)","0","0","0","0","0","0","0","0","0","0","0","0"
"NOX","County","AZ","Yuma County","emissions (pounds)","-41.70182619294792","-39.136762545815145","-93.57054330644314","-104.4341453065681","-90.81851220942553","-20.736589120722783","-40.74201248738973","-53.543032622175815","-6.208614940973348","-16.16396522353898","-60.64800827306317","-77.89780845693167"
"CO2","County","AZ","Yuma County","emissions (tons)","-29.26405656726638","-25.564171299258305","-59.965372101865796","-67.55469404671749","-57.41548424378561","-39.54914426312098","-90.78002113839466","-97.84131783952034","-49.05859174082434","-25.08506983033658","-36.64934804830773","-43.60172168903591"
"PM25","County","AZ","Yuma County","emissions (pounds)","-3.419738282030721","-2.8125854470599734","-6.917436010863412","-7.888952413730294","-6.82132553367137","-3.2354543036631185","-6.535816741048166","-7.278675444246346","-3.4104141666502983","-2.458565862814794","-4.36383604381399","-5.271573920927949"
"VOCS","County","AZ","Yuma County","emissions (pounds)","-2.1789894018693303","-1.685715184401488","-4.910103656836782","-5.817913082307314","-4.791605512156593","-1.784485433093323","-3.269991784244212","-3.719201762123703","-1.6303796172985585","-1.4878113764489171","-3.010714732713268","-3.5091894255410807"
"NH3","County","AZ","Yuma County","emissions (pounds)","-1.7519844366552206","-1.6496826660581974","-3.894650174753451","-4.283604452349664","-3.645503622759634","-3.855055710423585","-9.502674110936823","-9.994785399495413","-5.333999129687072","-1.950392830269493","-2.2860037116467993","-2.5661832349612723"
"SO2","County","AZ","Yuma County","percent","0","0","0","0","0","0","0","0","0","0","0","0"
"NOX","County","AZ","Yuma County","percent","-0.11292455318784522","-0.1154495220016537","-0.36410716930256737","-0.4021466970632182","-0.33076525270652196","-0.06194931821927137","-0.10395296474027688","-0.13563117430871205","-0.017504839787738796","-0.04330770460397523","-0.1812036606842086","-0.21848895373765753"
"CO2","County","AZ","Yuma County","percent","-0.12264892269752176","-0.11534999215976925","-0.3580528720239089","-0.3993990413840543","-0.31243032580435104","-0.1551731922781275","-0.251190557943773","-0.2588614692426999","-0.16649397131623977","-0.10045201488210777","-0.17173029320045316","-0.1903791573951551"
"PM25","County","AZ","Yuma County","percent","-0.1236368245659438","-0.109899404590341","-0.35526042259997365","-0.40137648383774227","-0.3213671675651386","-0.11615732514969536","-0.18126286904063174","-0.19570976451398167","-0.11018629112318074","-0.08592228075535029","-0.17514871690677217","-0.19807564169252362"
"VOCS","County","AZ","Yuma County","percent","-0.1193795258507596","-0.10018977725164706","-0.38254293864667754","-0.4477141400279423","-0.3393304381679244","-0.09807611414403533","-0.1445670076149381","-0.16043189784305198","-0.08196829560714555","-0.07925665274345126","-0.1822083066298098","-0.19959146108611742"
"NH3","County","AZ","Yuma County","percent","-0.11572884664417145","-0.11642152149274364","-0.3700505457501399","-0.4022390358948293","-0.31518201395263556","-0.2175291674887927","-0.33445345978884505","-0.33074987376395637","-0.24581182390654546","-0.12034009329695437","-0.1707991047465839","-0.17731332440297373"
"SO2","County","CA","Sutter County","emissions (pounds)","-0.38975329035542927","-0.3651162479818595","-0.6958739368459703","-0.7805900344861811","-0.5499915208385175","-0.3318313712903773","-0.6137317589509053","-0.6886115496189973","-0.3713481242908756","-0.3800646863589918","-0.6454322056387127","-0.3288731698569336"
"NOX","County","CA","Sutter County","emissions (pounds)","-5.4853540172002795","-7.772812878363311","-7.121005536113898","-5.631560264890595","-7.108938609389497","-9.357647994611398","-9.725527473256989","-7.198067318518952","-3.054743720514125","-5.655064675801896","-4.298925508931006","-9.485339526063854"
"CO2","County","CA","Sutter County","emissions (tons)","-48.587692549004714","-44.003388719087525","-63.240718107439534","-73.11185489785385","-52.62486920122683","-31.59571147757015","-65.32385375801096","-75.40846971295105","-33.14806689334364","-40.36097556007371","-71.72060370937106","-40.61306570022134"
"PM25","County","CA","Sutter County","emissions (pounds)","-5.24412920659006","-4.724220607428379","-6.778706709098287","-7.877324356903273","-5.67540903766735","-3.385299696055881","-7.0295809249982995","-8.123892893719585","-3.5654321858623916","-4.2983493539436495","-7.679676353984178","-4.403659926743785"
"VOCS","County","CA","Sutter County","emissions (pounds)","-1.4122786933741054","-1.2722638676167435","-1.8255505684055038","-2.121415570017348","-1.5284252054650551","-0.9116836071494845","-1.8931126546690393","-2.1878181084146036","-0.9601944785106298","-1.157573921256244","-2.068187655083989","-1.1859347553049702"
"NH3","County","CA","Sutter County","emissions (pounds)","-3.1170487078770748","-2.808021152794936","-4.029183522423864","-4.682188928017695","-3.373396365840108","-2.012182314288566","-4.178300205042888","-4.828746365642928","-2.119250947135697","-2.5548882897203384","-4.564709280235547","-2.6174836553109344"
"SO2","County","CA","Sutter County","percent","-0.15696801880571773","-0.15460496865549622","-0.44509093716596565","-0.4987175965856309","-0.30499342658176865","-0.12740079866480966","-0.17363054545173018","-0.18387799450730566","-0.1206551702603708","-0.1456794229316208","-0.3204107041333482","-0.14503666501220702"
"NOX","County","CA","Sutter County","percent","-0.14469458884388864","-0.21083198999171265","-0.28884134847204107","-0.2285319103875134","-0.24170603548484762","-0.23058713747477286","-0.18199442434242027","-0.12704632876605768","-0.06307508296116815","-0.14146781341482254","-0.14384386727065124","-0.2757522577424827"
"CO2","County","CA","Sutter County","percent","-0.195743718448636","-0.18654155335061293","-0.42582008936093463","-0.4914032457169283","-0.30014000588850726","-0.12548447165756207","-0.1905343981944175","-0.2073092867934321","-0.11074080897429056","-0.1564914707682499","-0.36508386057511966","-0.1812135794557156"
"PM25","County","CA","Sutter County","percent","-0.19662947442429116","-0.18638073232135424","-0.4246636244146001","-0.49258857292848074","-0.3005444410443012","-0.12489757591775989","-0.19043265381008118","-0.20745151570966774","-0.11066437543146765","-0.15509144556817134","-0.3637394594610537","-0.18286005754898393"
"VOCS","County","CA","Sutter County","percent","-0.19662947442441867","-0.1863807323211469","-0.4246636244144681","-0.4925885729284246","-0.3005444410440196","-0.12489757591774794","-0.19043265381003255","-0.20745151570962456","-0.11066437543154814","-0.1550914455681159","-0.3637394594610943","-0.1828600575490852"
"NH3","County","CA","Sutter County","percent","-0.1966294744244616","-0.18638073232131075","-0.42466362441460653","-0.49258857292843217","-0.30054444104408684","-0.12489757591759652","-0.19043265381010224","-0.2074515157097109","-0.11066437543158633","-0.15509144556810986","-0.36373945946099656","-0.18286005754916154"
"SO2","County","NM","Bernalillo County","emissions (pounds)","-0.8061743461713604","-2.0759229646758968","-1.4248492234528953","-1.391050760485939","-0.12332984723295226","-0.9257515241937142","-1.3133425261133311","-1.300994703343406","-1.181105817208902","-2.6222703494139523","-0.4508953702444387","0.06400121211220267"
"NOX","County","NM","Bernalillo County","emissions (pounds)","-24.629334234552516","-13.024389755912125","-77.31833398438175","-106.92582477336691","21.62656969253294","-232.0745750539063","-639.9783935427404","-667.5113304060069","-374.4962905107095","-26.729744222153386","32.01595250056198","47.126283327510464"
"CO2","County","NM","Bernalillo County","emissions (tons)","-23.949558093299856","-29.835538705418003","-39.88314564338725","-49.452808691437895","0.6499595748118736","-129.52553850606637","-251.66573527756555","-258.7519325516041","-183.90647281160636","-36.505920585528656","-1.3735446948376193","4.087508951490236"
"PM25","County","NM","Bernalillo County","emissions (pounds)","-3.039928706753699","-3.7070461800490193","-4.836302417229717","-6.022617809266876","0.10378224350006349","-16.297432348413167","-31.614919266444304","-32.53034695073984","-23.241507899230783","-4.645619640992663","-0.17110273433809198","0.4716650279137866"
"VOCS","County","NM","Bernalillo County","emissions (pounds)","-1.1658054343101867","-1.2631980584937992","-2.4664279267158236","-3.193995789214","0.30444939214930855","-8.241065216577681","-17.99616502257595","-18.597987687785462","-12.215886058910655","-1.6448490376099016","0.42459965512625786","0.7669477179867954"
"NH3","County","NM","Bernalillo County","emissions (pounds)","-2.657352809831764","-3.4222804397252276","-3.5266396703786995","-4.251212752593688","-0.21254282162590243","-11.965427103465117","-20.90920948965322","-21.42218403289371","-16.532723191009154","-4.217796904394618","-0.7114186248372789","-0.25958632695301276"
"SO2","County","NM","Bernalillo County","percent","-0.15145409784896252","-0.34789256446456707","-0.5241262503975372","-0.4981859052305418","-0.171979121365641","-0.42615738104996304","-0.3101404829503895","-0.2851134513834668","-0.3841542632171727","-0.3525927564516935","-0.13178255886892445","0.01453354288497708"
"NOX","County","NM","Bernalillo County","percent","-0.06796465879155285","-0.037471932279305634","-0.22497152502272472","-0.311406225737364","0.059994206752213265","-0.3894846040554533","-0.49873386342431547","-0.47258592657353954","-0.4486859328588791","-0.06502180829447932","0.09997619413264221","0.13545324855674504"
"CO2","County","NM","Bernalillo County","percent","-0.14576963566603907","-0.18001564823710992","-0.31463409491552746","-0.38742549980615526","0.004489479266214394","-0.41031989102184335","-0.3921570477651428","-0.3714585818156528","-0.41525517304870824","-0.18288587950507892","-0.010432363887828578","0.027262661515535757"
"PM25","County","NM","Bernalillo County","percent","-0.15041190601954268","-0.18159574031668296","-0.3111469529048891","-0.38452056454920075","0.00571677715122631","-0.408747126265374","-0.39027523614294346","-0.36997687294026205","-0.41529687327238224","-0.18902515903105044","-0.010575234941857803","0.025576689327354837"
"VOCS","County","NM","Bernalillo County","percent","-0.10806281613718588","-0.11899832555357254","-0.2671543602082641","-0.34467809931172544","0.029019812378030505","-0.400059854451135","-0.4234811139700186","-0.4017541477369096","-0.42391138213747576","-0.12990827844367886","0.046732161233496244","0.07591287620677029"
"NH3","County","NM","Bernalillo County","percent","-0.18731636510699204","-0.23357936266992932","-0.35845854913869685","-0.4270204388388318","-0.017973972460532887","-0.41588573895957537","-0.36227193267605123","-0.3429987040903855","-0.4082800212202263","-0.2372866040247534","-0.06561816043159852","-0.020525280456613944"
"SO2","County","NM","Dona Ana County","emissions (pounds)","-0.10847200934654211","-0.4213330788376197","0.12747692470964012","0.475298785300879","-0.00905158191199007","-1.2292738620047885","-0.7014133458383185","-0.5747143769937111","-1.42994463118373","-0.6696047607239279","0.040737465131883255","-0.08567382704859483"
"NOX","County","NM","Dona Ana County","emissions (pounds)","-161.3709466412547","-155.89494846090383","-319.6839990866574","-397.03942052867205","-321.94471835612785","-289.60317303438205","-73.54196524838335","-19.005143027286977","-239.04244584072148","-217.13807214077679","-163.82499162401655","-221.25214681215584"
"CO2","County","NM","Dona Ana County","emissions (tons)","-52.851401098960196","-81.59571407380281","-65.99642952345312","-60.298405769091914","-46.22894446956343","-174.16843760552","-105.38801821540983","-101.88826211927517","-186.4629793476779","-110.5084231490182","0.8953829049423803","-27.204383003365365"
"PM25","County","NM","Dona Ana County","emissions (pounds)","-1.30860441893401","-4.0281700931818705","-4.117979219809058","-1.906943128682542","-1.20485172032204","-15.019230191244787","-10.281248480612703","-10.027121318540594","-17.210526478686006","-6.853835273661389","3.7615421328464436","-0.0687207817527451"
"VOCS","County","NM","Dona Ana County","emissions (pounds)","-5.573397882540121","-5.4155359605179","-9.366434396402383","-12.030083905116953","-9.503653131927422","-8.495737333275429","-3.6999328950250856","-2.643534300007559","-7.581443633685012","-7.22289437701329","-5.197738996005683","-6.444078289477602"
"NH3","County","NM","Dona Ana County","emissions (pounds)","3.6498462762192503","-2.9804395080900576","6.993783686330062","14.293798919945402","13.226279905502452","-18.20742025774416","-15.7277038349348","-17.50405150421102","-23.895576155808158","-4.9741138066874555","14.768480869368432","10.388677737784747"
"SO2","County","NM","Dona Ana County","percent","-0.01791164487001374","-0.07242833384321354","0.022253658326754147","0.0859542811948712","-0.001744433999958693","-0.17383050679818213","-0.07543603780680995","-0.059813424093345585","-0.17526148938966338","-0.10041547638358003","0.00742183616698982","-0.014537462112728017"
"NOX","County","NM","Dona Ana County","percent","-0.12115750981395726","-0.12317982332527921","-0.32479571145217123","-0.3997758600764185","-0.25436915058654097","-0.16418892854970407","-0.03418315504747663","-0.008644321288260893","-0.12126742955435788","-0.14790780652800772","-0.13729894936951448","-0.17349662299545288"
"CO2","County","NM","Dona Ana County","percent","-0.0678512914011177","-0.10917786973048853","-0.0961032577676189","-0.08936235283801977","-0.06444242683434624","-0.1808796162700609","-0.08422767034644421","-0.07831462837833587","-0.16848777781938634","-0.12887390705674195","0.0012861744320528663","-0.03628457209621184"
"PM25","County","NM","Dona Ana County","percent","-0.016756795574501226","-0.054317686981038824","-0.055872284922663246","-0.026480913007982932","-0.016041592153385128","-0.15886489727114744","-0.08456223103634036","-0.07952405363744428","-0.16072832785838667","-0.08108947930555822","0.052458554653686845","-0.0008992000791192652"
"VOCS","County","NM","Dona Ana County","percent","-0.15045836858879924","-0.15279230373522978","-0.3530756568803002","-0.4477930542983353","-0.3142655293724299","-0.18781718358127258","-0.06468457990835469","-0.04484324099760615","-0.14695998569288907","-0.1752511879629834","-0.1586446772141175","-0.1832621969787896"
"NH3","County","NM","Dona Ana County","percent","0.03823260536174501","-0.032807101000701736","0.06849137342912494","0.14531866412237054","0.13240165582129468","-0.15546471799506417","-0.10216311097372367","-0.10878147576038157","-0.17874583892329066","-0.048524673857091395","0.1679053549727705","0.11039025404025093"
"SO2","County","NM","Hidalgo County","emissions (pounds)","-0.9689514522567038","0.14915354722052143","-1.2026317841367131","-1.2229215635750847","-1.0394733151559308","-0.02922702259203902","-1.0352658473775023","-1.1005254358489651","-0.29726024323261413","-0.07294934534183994","-0.14217210436993355","-0.8323755176937766"
"NOX","County","NM","Hidalgo County","emissions (pounds)","-17.768959432884003","24.75738258616184","-72.23638727090656","-86.18798432416224","-52.748813900354435","-28.617062128021644","-73.0433640646952","-76.86572910439281","-39.70072391651411","33.91397521421459","-28.082731660811987","-62.96383117364894"
"CO2","County","NM","Hidalgo County","emissions (tons)","-10.408841079733975","11.466041813706397","-36.17658503378698","-43.48819796005591","-28.25474212971494","-15.59485095025775","-39.6198616666079","-41.45359158352221","-20.424127478328955","15.10833797502346","-16.215693734897286","-33.7799953621834"
"PM25","County","NM","Hidalgo County","emissions (pounds)","-1.180774903536303","1.2653853575468474","-3.975712499641304","-4.726097437609042","-3.10793412927751","-1.7867939956663577","-4.4345476643384245","-4.664321365837623","-2.310089318123346","1.7011096762794296","-1.7742725941402568","-3.7414574544404786"
"VOCS","County","NM","Hidalgo County","emissions (pounds)","-0.3629123760765651","1.0166654961124095","-1.4655631644723144","-1.7229082616722735","-1.4715062960922296","-1.0139826229720938","-2.672451567920689","-2.770962954341485","-1.1202418520690571","0.4701371565165573","-0.12574942583955817","-1.1887178228780613"
"NH3","County","NM","Hidalgo County","emissions (pounds)","-1.1655576955042761","1.2700427643640069","-3.9790499420148535","-4.734047443047984","-3.104080812863458","-1.7869972036678519","-4.4247562675141126","-4.649312753808317","-2.3043067753403648","1.7091163840370882","-1.7584103744127333","-3.7375266969290806"
"SO2","County","NM","Hidalgo County","percent","-0.21629968850749112","0.03907904955263896","-0.2903934074728242","-0.29971616902559567","-0.7053823631424263","-0.01566061121077796","-0.3837613455430774","-0.4070667877743233","-0.16238701332520614","-0.01681852734662094","-0.030541356982163755","-0.18425285165996472"
"NOX","County","NM","Hidalgo County","percent","-0.061904938131730855","0.09993758668629023","-0.28034725285902623","-0.33642231143868756","-0.20787855542482725","-0.10332886968367194","-0.20468748079536161","-0.21321816038292163","-0.13978856586718671","0.12147949025921989","-0.09405112968876997","-0.21478251208816773"
"CO2","County","NM","Hidalgo County","percent","-0.07225345982782026","0.09206902540075976","-0.2841137325652737","-0.343316558631956","-0.21978265249750611","-0.1101115617745776","-0.21408259933895787","-0.22146196074346414","-0.1397709097700148","0.10756192306737096","-0.10873043082275789","-0.23018495483386622"
"PM25","County","NM","Hidalgo County","percent","-0.0744504236494383","0.09223148476526857","-0.283981161261708","-0.3393397641175853","-0.21777098681869475","-0.11323257212531865","-0.21447677511688026","-0.2229278496902709","-0.14159447953608953","0.10995221796940526","-0.1081132781488651","-0.23155472187976847"
"VOCS","County","NM","Hidalgo County","percent","-0.04078139077549033","0.1296141990429233","-0.17347962624402855","-0.20429277740072901","-0.16983519195255928","-0.11820534962511975","-0.2287735348388107","-0.2315250407137768","-0.12120938884955382","0.05505211409762903","-0.014232282588844259","-0.13158663719776842"
"NH3","County","NM","Hidalgo County","percent","-0.07344543171809097","0.0925150822719824","-0.2838005801981162","-0.33940588636070806","-0.217099723546513","-0.11309470643882844","-0.21381718401078548","-0.22205673410240295","-0.1410848797894434","0.11040641405882015","-0.10705085267785264","-0.231122728673348"
"SO2","County","NM","Luna County","emissions (pounds)","-2.607972097373022","-2.270528012238401","-3.4001854516860703","-3.865287040890621","-3.868400075370346","-1.3309367073277372","-0.24336480893089174","-0.08994367148966376","-0.5366177440876072","-2.500489994961299","-3.113178114082075","-3.0135316718578906"
"NOX","County","NM","Luna County","emissions (pounds)","-38.6298729122027","-33.194938974731485","-50.69269749348314","-59.83390057692304","-60.69222711286238","-23.487618745821237","-12.781866431585513","-9.932476273326756","-13.289975205843803","-38.540442773934046","-47.90243696093967","-47.207897671713"
"CO2","County","NM","Luna County","emissions (tons)","-218.66054998159234","-192.2192973675119","-277.6922188219032","-317.9683484435009","-326.9325229925598","-130.2877098043973","-60.01330795176909","-45.85587019709055","-67.45470194768859","-218.34157778495864","-257.3297706382873","-257.1134690429608"
"PM25","County","NM","Luna County","emissions (pounds)","-11.303077495121215","-9.900809901731918","-14.294605675275307","-16.357563029529047","-16.75370987005408","-6.697328106168243","-3.0893136373142625","-2.3512063874559317","-3.4521040053505203","-11.282077974061394","-13.249848640934033","-13.271728437756792"
"VOCS","County","NM","Luna County","emissions (pounds)","-5.616572527783774","-4.921141348766923","-7.104201107394601","-8.131366990056222","-8.325839410228582","-3.328406586564597","-1.5354266992499106","-1.1681748660885205","-1.714261874400563","-5.606105233547623","-6.582739368115654","-6.598278698500508"
"NH3","County","NM","Luna County","emissions (pounds)","-32.552302611446066","-28.52233285683178","-41.174716962110324","-47.12880555456104","-48.25490782867928","-19.290840033650966","-8.899102943476464","-6.770394341856445","-9.934975447009492","-32.49162283489568","-38.151462879774044","-38.24351545120953"
"SO2","County","NM","Luna County","percent","-0.21217287475592864","-0.19614391091362549","-0.4573863778124357","-0.5126230539369515","-0.4528487226025804","-0.10669067093896699","-0.016818806218987313","-0.006127265568714754","-0.03908440355801983","-0.19209434925685417","-0.29483724285484864","-0.2630204465079709"
"NOX","County","NM","Luna County","percent","-0.20733293112998744","-0.18852765817182432","-0.45859146484618807","-0.5323086017993165","-0.46106925470237237","-0.12012378396737963","-0.054756033737074765","-0.04163493659610104","-0.06098086028982169","-0.19479404377754486","-0.3015864680937943","-0.2723555387816576"
"CO2","County","NM","Luna County","percent","-0.2147831841098775","-0.19950273942938623","-0.46015340630291557","-0.5182371355565742","-0.45579333017241275","-0.12200091840144718","-0.04706854112035249","-0.03524355231844365","-0.05667203935100483","-0.20152636811436092","-0.2970926523580507","-0.27179465143221376"
"PM25","County","NM","Luna County","percent","-0.21577202056735642","-0.19967689008313455","-0.460547300000336","-0.5183249833777317","-0.4551496844482842","-0.12213274163978229","-0.04717122252142211","-0.03518351107672213","-0.05647392687940675","-0.2023274369885736","-0.2973258451227882","-0.27265785625229183"
"VOCS","County","NM","Luna County","percent","-0.2157295086469007","-0.1996941469511921","-0.46048066618240324","-0.5183734540923861","-0.4550739622606045","-0.12213017310653579","-0.0471750759673416","-0.035174426121691235","-0.05642979492458235","-0.20228968243998","-0.29719826581048076","-0.27274093680332345"
"NH3","County","NM","Luna County","percent","-0.21572638120148316","-0.19969541648366188","-0.4604757647311608","-0.5183770195158617","-0.4550683920577736","-0.12212998414103467","-0.04717535947088355","-0.03517375772357144","-0.05642654807893428","-0.20228690492842336","-0.2971888807776372","-0.27274704857345905"
"SO2","County","NM","San Juan County","emissions (pounds)","-839.4393871845677","-858.161694382783","-836.675847606617","-944.9900225509191","-1275.2664233968244","-551.618075060891","-163.88427495083306","-227.43365837063175","-366.8828255131375","-997.632894812501","-1036.9161374028772","-1217.4777436928125"
"NOX","County","NM","San Juan County","emissions (pounds)","-2123.1936398823746","-1272.3958518204745","-1368.3400002517737","-1132.3179222075269","-3100.5778844302986","-875.8845169316046","-242.04656597506255","-385.15803460101597","-604.7511865992565","-1712.4445183789358","-2818.8610272798687","-2390.637907827506"
"CO2","County","NM","San Juan County","emissions (tons)","-1543.9585360754281","-1401.8514643786475","-1525.7423072294332","-1845.1124811270274","-2163.0973712056875","-1073.4911355678923","-390.5852417391725","-441.133957502665","-695.5573835046962","-1586.8605770326685","-1940.8724936998915","-1940.5518710224424"
"PM25","County","NM","San Juan County","emissions (pounds)","-81.71001322021766","-78.08291298463882","-88.03006064269721","-114.6485262658316","-115.74778501259425","-61.16132696918794","-23.569545137390378","-24.8809456674353","-38.163976641517365","-87.13567243638681","-98.73428319321829","-102.97012836011709"
"VOCS","County","NM","San Juan County","emissions (pounds)","-45.58751573591144","-41.585421543386474","-45.811188049046905","-56.01936552485495","-63.786185060671414","-32.225763468115474","-11.888456334527291","-13.150855840955046","-20.71490798195009","-46.96326927053451","-56.739600951412285","-56.87574342057633"
"NH3","County","NM","San Juan County","emissions (pounds)","-13.8442383767524","-11.495427085546908","-13.535192562807424","-18.39751588496256","-18.40379023668902","-9.58618331343314","-4.062907850688134","-4.228455490501801","-5.907186709497182","-14.417205477564494","-15.64925651829617","-16.418030437982452"
"SO2","County","NM","San Juan County","percent","-0.13661487239202483","-0.15059889737290771","-0.18181017674924624","-0.20694922323326223","-0.25334195354514066","-0.08619869619417389","-0.02270089344828913","-0.030978534199829922","-0.05331479273117596","-0.15665336962084125","-0.18867161433576174","-0.20761912473598662"
"NOX","County","NM","San Juan County","percent","-0.12903493145407888","-0.08378772595551534","-0.10322204958226643","-0.08748634445549928","-0.20938792258599048","-0.050368953609826725","-0.012875012493703318","-0.020251526938637715","-0.03338826517642556","-0.10078888908283663","-0.18785062551370776","-0.1510251398641415"
"CO2","County","NM","San Juan County","percent","-0.115736943177215","-0.11320459669404523","-0.14497039150138458","-0.17777993536728437","-0.18925109731986642","-0.07776693963447766","-0.02512564817569353","-0.027930500179167903","-0.04720376422663693","-0.11477679712356634","-0.16156850676750323","-0.15181867283262565"
"PM25","County","NM","San Juan County","percent","-0.11102041586391621","-0.11415870826278939","-0.15095563709925297","-0.19881957010387694","-0.18315275132687656","-0.08040770594041548","-0.027394019255826976","-0.02845163597268294","-0.046919144691924465","-0.11418914917295087","-0.14910408256561783","-0.14590336871618917"
"VOCS","County","NM","San Juan County","percent","-0.11557390649142736","-0.11352731608095715","-0.14712627199247463","-0.18231530517037917","-0.18864379778703647","-0.07892495508666741","-0.02582124230622393","-0.0281082600475887","-0.047499426396642064","-0.1148393890077305","-0.15981382245405684","-0.1504688653216757"
"NH3","County","NM","San Juan County","percent","-0.1026381575629723","-0.09198916774074736","-0.12266063756113767","-0.16902972770350197","-0.15656660699642672","-0.06976299985982846","-0.026435367307680164","-0.027105874111721925","-0.040534279828247706","-0.10360235697143279","-0.12765121902629542","-0.1260615080834607"
"SO2","County","NM","Valencia County","emissions (pounds)","0.03804639008734512","-0.07169586886175239","0.13123310847232972","0.0459621157900969","0.17075269498519674","-0.12189018685329245","-0.03907555368074611","0.05589845645141622","-0.04635146306493709","0.009556095488036931","0.015908747065175532","-0.03873455178974439"
"NOX","County","NM","Valencia County","emissions (pounds)","-1.101052586358037","-2.252706733967443","2.5414333510816505","-1.1722288905839378","4.141257104222859","-18.560572453197892","-11.38376710591183","3.214428457487884","-18.512140062997787","-0.43908710063942635","0.2909348348316598","-1.7659794587948454"
"CO2","County","NM","Valencia County","emissions (tons)","2.341204885915431","-4.618446062784642","5.801566989639468","-0.142687907014988","9.67076546647968","-10.30838313955428","-6.808077058616618","-1.0992146620928906","-7.02714370756803","-1.4334821352531435","0.6266251810520771","-1.0967619385073704"
"PM25","County","NM","Valencia County","emissions (pounds)","0.45355435104397657","-1.1398227660265547","1.7231709189143203","0.024371321305352467","2.6439223118275095","-2.8946169370403823","-1.1030312471045818","0.8411643467406975","-1.5612982795430526","-0.15134347697971862","0.23306480866904167","-0.40294150673548756"
"VOCS","County","NM","Valencia County","emissions (pounds)","0.0976697729421403","-0.17411058785486944","0.21354120237904795","-0.016523368450805265","0.3576943366995806","-0.3900087079013588","-0.263363932810023","-0.05426561904528171","-0.2651033754420382","-0.05378783260385944","0.03512985719865469","-0.040482525932617364"
"NH3","County","NM","Valencia County","emissions (pounds)","0.2676530941155306","-0.5063094498483451","0.6496158946376909","-0.036375922998786336","1.0667881509469908","-1.1642054522233138","-0.7111534365640182","-0.05242893980550889","-0.7555705461938942","-0.13872998825058858","0.1024285553091886","-0.12986957676412203"
"SO2","County","NM","Valencia County","percent","0.06941292740329422","-0.1373102134538012","0.2314205110010337","0.08199827668505413","0.2857086925302085","-0.18832741474616732","-0.05237286106262137","0.07658582214997423","-0.06353946855184328","0.015631564273582043","0.03445927402529788","-0.07385601102729863"
"NOX","County","NM","Valencia County","percent","-0.04528727554017086","-0.09803906467001917","0.10554426913494809","-0.04903420560380406","0.09140138771168112","-0.26220704451703425","-0.12027524179090761","0.03310103799317936","-0.2115562295570105","-0.016308855658052398","0.013818792354286624","-0.0751871426269489"
"CO2","County","NM","Valencia County","percent","0.047490881837429","-0.09861992525891997","0.1149496391487399","-0.0028584760385031186","0.18577529796337183","-0.17158164271208726","-0.0946791941193967","-0.015206419982066635","-0.10256146643252181","-0.02613138913497054","0.014785233549712253","-0.022999138734855908"
"PM25","County","NM","Valencia County","percent","0.03861126731729133","-0.10166423384836576","0.1445381332430789","0.0020615287945160055","0.21831650428777902","-0.2046779825100151","-0.06602258477530226","0.05077571300257643","-0.09632936355284964","-0.011471950095406315","0.02350291661217595","-0.035711015980924035"
"VOCS","County","NM","Valencia County","percent","0.053403121501226225","-0.10030556174371127","0.11389371373047752","-0.008904370550846518","0.18472098054221864","-0.1744580963247349","-0.09821643208559512","-0.02011699054779091","-0.10389962325859771","-0.02645606804768585","0.02228326748472758","-0.022852873685202287"
"NH3","County","NM","Valencia County","percent","0.050514859544307636","-0.10057206155967782","0.11982918313819359","-0.006777126581251867","0.19114153025219138","-0.18028717338861877","-0.09208256887975852","-0.006766769334912205","-0.10243454377381822","-0.02350608575992224","0.02251744201551021","-0.025346812248286745"
"SO2","County","TX","El Paso County","emissions (pounds)","-1.2063287048756592","-1.361174197100354","-1.9841638091613731","-1.9802249880476666","-0.7671946129321441","-1.216117970720461","-1.0832711052457853","-1.0105032718761322","-1.2859805515611242","-2.278986184010364","-0.7098696750099407","-0.7590705387813159"
"NOX","County","TX","El Paso County","emissions (pounds)","-309.5354836793849","-336.9378020131262","-451.35327456577215","-411.1262818177347","-377.89177622646093","-385.1517018417362","-493.9899641008233","-522.9462260057917","-465.82123441254953","-366.3241951628006","-281.6501289080479","-355.70770688157063"
"CO2","County","TX","El Paso County","emissions (tons)","-154.7530607371882","-186.63216796854977","-218.13516802244703","-181.9876217636047","-125.05340603311197","-244.27829320172896","-308.360491289699","-315.7522092094878","-278.53477701876545","-209.33465559707838","-94.79966643857188","-138.23580350590055"
"PM25","County","TX","El Paso County","emissions (pounds)","-10.90005781187756","-15.79186743804712","-14.541850024874293","-10.46560296417556","-3.6918207617000007","-20.064141284554353","-28.287832645339222","-29.256638041151746","-22.712592214786127","-16.96766959879642","-3.4225107312904584","-7.250292111344606"
"VOCS","County","TX","El Paso County","emissions (pounds)","-23.799218093230593","-21.76319662982496","-33.72701683869309","-32.979972516419366","-29.843511155424494","-26.797290325088397","-24.256816787004936","-24.15028626686035","-26.135078182102006","-25.601033124316018","-21.18540930211384","-29.068241461896832"
"NH3","County","TX","El Paso County","emissions (pounds)","-12.102460870291907","-14.172701036119179","-17.954657987897008","-15.070897150511883","-11.755351008348953","-19.516206543718","-25.49026449413941","-26.328740659628238","-23.052230540517485","-15.682453655437712","-8.61959745850254","-12.21497065485346"
"SO2","County","TX","El Paso County","percent","-0.10074914803880206","-0.11964980036730868","-0.20928324643034202","-0.21057293726828144","-0.10189075520140467","-0.1285789499297393","-0.09463182378606005","-0.08551238405167172","-0.1224036905645665","-0.17803355713174146","-0.06728286989058678","-0.06563641887749888"
"NOX","County","TX","El Paso County","percent","-0.09584759111002482","-0.11178988995548399","-0.16741834796978353","-0.1550475114574704","-0.1334184890313275","-0.109109452619449","-0.11456942811489054","-0.11670685196674092","-0.11991717491614748","-0.10694678439722974","-0.09496149403830999","-0.11374474565643694"
"CO2","County","TX","El Paso County","percent","-0.07949649450592891","-0.10256380696108734","-0.12935086331530343","-0.10995574940190075","-0.0719866947232632","-0.11456139959419467","-0.11588331601610335","-0.1147134819877525","-0.11758152089990886","-0.10190924726041334","-0.05350996093945878","-0.07313527846832515"
"PM25","County","TX","El Paso County","percent","-0.0797825785872877","-0.1228779894747008","-0.12295614574040574","-0.09020564623965395","-0.030774192329921086","-0.13281402467543552","-0.14302677195985122","-0.14252258638485257","-0.1322517083887598","-0.11723523043043965","-0.028038453631496603","-0.05484017953020086"
"VOCS","County","TX","El Paso County","percent","-0.0985259116577304","-0.09683600482238089","-0.16947327991530392","-0.16814422616978594","-0.1433168903251444","-0.10436589719430678","-0.07944215868411918","-0.07700243243613358","-0.09349482398183864","-0.10101005822155368","-0.09607955094890795","-0.12429722671955501"
"NH3","County","TX","El Paso County","percent","-0.07483997064850556","-0.09402554721625393","-0.12724961137062998","-0.10887481389137543","-0.0802735159963441","-0.10986067580136462","-0.1161336434520766","-0.11589382586219431","-0.11758971859422464","-0.09203905737998597","-0.05804559354845105","-0.07759921473476217"